"Run_ID","Final_N3"
1,27
2,64
3,36
4,12
5,28
6,1
7,9
8,37
9,5
10,26
11,39
12,19
13,23
14,46
15,17
16,12
17,20
18,42
19,39
20,26
21,1
22,6
23,3
24,3
25,4
26,32
27,17
28,54
29,24
30,24
31,44
32,13
33,9
34,14
35,5
36,25
37,28
38,30
39,1
40,1
41,45
42,15
43,1
44,42
45,16
46,25
47,25
48,2
49,76
50,2
51,12
52,42
53,3
54,16
55,34
56,38
57,22
58,1
59,21
60,13
61,3
62,1
63,5
64,21
65,12
66,35
67,31
68,40
69,1
70,7
71,20
72,29
73,58
74,4
75,43
76,13
77,14
78,3
79,22
80,24
81,5
82,10
83,20
84,49
85,9
86,34
87,11
88,35
89,48
90,25
91,34
92,31
93,8
94,22
95,30
96,8
97,1
98,14
99,53
100,5
101,1
102,11
103,55
104,44
105,4
106,22
107,47
108,23
109,3
110,41
111,35
112,10
113,5
114,16
115,47
116,11
117,49
118,14
119,18
120,39
121,2
122,32
123,16
124,1
125,37
126,37
127,30
128,25
129,4
130,1
131,2
132,15
133,68
134,1
135,18
136,15
137,9
138,1
139,68
140,10
141,20
142,7
143,50
144,18
145,15
146,47
147,3
148,7
149,36
150,1
151,29
152,25
153,67
154,31
155,25
156,1
157,1
158,23
159,7
160,39
161,5
162,6
163,36
164,3
165,4
166,4
167,8
168,42
169,25
170,34
171,9
172,6
173,29
174,19
175,6
176,16
177,33
178,21
179,2
180,1
181,8
182,72
183,2
184,60
185,6
186,28
187,29
188,41
189,40
190,18
191,6
192,27
193,7
194,36
195,41
196,32
197,14
198,54
199,6
200,14
201,1
202,14
203,49
204,33
205,24
206,40
207,22
208,26
209,3
210,15
211,33
212,20
213,1
214,11
215,62
216,44
217,1
218,28
219,1
220,12
221,24
222,20
223,11
224,4
225,27
226,5
227,36
228,42
229,17
230,10
231,32
232,41
233,19
234,17
235,45
236,1
237,19
238,24
239,28
240,39
241,11
242,39
243,15
244,48
245,4
246,4
247,49
248,46
249,5
250,26
251,23
252,25
253,36
254,40
255,19
256,1
257,14
258,4
259,7
260,64
261,3
262,31
263,42
264,5
265,42
266,3
267,35
268,5
269,47
270,10
271,39
272,37
273,8
274,35
275,30
276,8
277,15
278,43
279,28
280,48
281,11
282,9
283,21
284,1
285,19
286,9
287,32
288,34
289,43
290,27
291,6
292,7
293,26
294,5
295,20
296,27
297,18
298,41
299,22
300,3
301,51
302,45
303,14
304,55
305,23
306,25
307,31
308,4
309,18
310,53
311,3
312,28
313,11
314,5
315,31
316,1
317,1
318,23
319,12
320,51
321,4
322,1
323,34
324,32
325,19
326,33
327,44
328,3
329,6
330,5
331,56
332,30
333,37
334,16
335,37
336,7
337,17
338,31
339,53
340,36
341,8
342,72
343,2
344,31
345,13
346,35
347,17
348,39
349,19
350,11
351,27
352,13
353,34
354,54
355,36
356,16
357,29
358,66
359,20
360,26
361,3
362,41
363,1
364,33
365,9
366,16
367,44
368,40
369,18
370,8
371,26
372,10
373,5
374,3
375,22
376,45
377,14
378,25
379,1
380,40
381,19
382,1
383,12
384,55
385,46
386,21
387,11
388,43
389,23
390,28
391,40
392,5
393,5
394,37
395,48
396,29
397,1
398,4
399,6
400,25
401,44
402,31
403,26
404,22
405,26
406,59
407,33
408,39
409,39
410,4
411,38
412,21
413,19
414,53
415,23
416,19
417,36
418,1
419,52
420,14
421,50
422,42
423,46
424,29
425,1
426,10
427,3
428,36
429,4
430,50
431,34
432,44
433,33
434,13
435,5
436,1
437,52
438,26
439,7
440,55
441,25
442,1
443,15
444,27
445,33
446,13
447,3
448,1
449,2
450,34
451,24
452,20
453,26
454,16
455,44
456,13
457,17
458,1
459,3
460,39
461,11
462,5
463,49
464,43
465,1
466,23
467,5
468,1
469,40
470,36
471,19
472,35
473,25
474,23
475,39
476,20
477,35
478,1
479,5
480,46
481,1
482,24
483,71
484,27
485,5
486,28
487,34
488,4
489,34
490,31
491,2
492,9
493,74
494,3
495,12
496,36
497,1
498,31
499,50
500,21
501,12
502,48
503,35
504,6
505,1
506,3
507,30
508,8
509,16
510,6
511,9
512,21
513,30
514,18
515,55
516,34
517,13
518,56
519,14
520,34
521,20
522,20
523,25
524,9
525,37
526,47
527,6
528,38
529,16
530,56
531,5
532,32
533,51
534,4
535,57
536,22
537,40
538,4
539,4
540,1
541,35
542,34
543,36
544,26
545,11
546,22
547,55
548,28
549,53
550,28
551,5
552,55
553,41
554,45
555,9
556,9
557,41
558,35
559,12
560,27
561,23
562,19
563,13
564,36
565,16
566,5
567,20
568,8
569,35
570,26
571,6
572,33
573,57
574,34
575,2
576,24
577,1
578,16
579,20
580,34
581,8
582,11
583,4
584,22
585,6
586,46
587,57
588,29
589,36
590,19
591,4
592,27
593,23
594,18
595,3
596,40
597,33
598,37
599,56
600,9
601,31
602,1
603,5
604,16
605,32
606,45
607,45
608,39
609,19
610,51
611,11
612,14
613,48
614,61
615,32
616,21
617,1
618,38
619,15
620,18
621,10
622,24
623,10
624,1
625,6
626,35
627,24
628,21
629,5
630,38
631,21
632,48
633,41
634,59
635,5
636,1
637,37
638,59
639,11
640,18
641,38
642,9
643,63
644,8
645,1
646,1
647,25
648,51
649,37
650,6
651,4
652,58
653,14
654,7
655,4
656,18
657,9
658,45
659,3
660,7
661,53
662,21
663,52
664,57
665,40
666,1
667,7
668,23
669,6
670,2
671,56
672,49
673,26
674,12
675,11
676,6
677,24
678,1
679,38
680,21
681,1
682,7
683,42
684,10
685,19
686,31
687,19
688,7
689,8
690,76
691,15
692,34
693,30
694,1
695,31
696,29
697,29
698,17
699,32
700,49
701,5
702,41
703,2
704,35
705,28
706,51
707,8
708,19
709,30
710,17
711,17
712,15
713,20
714,33
715,25
716,8
717,30
718,5
719,4
720,46
721,8
722,24
723,10
724,24
725,7
726,25
727,5
728,1
729,11
730,14
731,1
732,4
733,9
734,51
735,14
736,28
737,25
738,9
739,23
740,13
741,57
742,40
743,26
744,15
745,16
746,41
747,41
748,4
749,44
750,27
751,33
752,57
753,11
754,48
755,19
756,14
757,48
758,37
759,1
760,32
761,1
762,39
763,26
764,19
765,4
766,24
767,63
768,56
769,23
770,31
771,32
772,1
773,42
774,53
775,3
776,13
777,36
778,44
779,1
780,1
781,30
782,21
783,12
784,3
785,19
786,26
787,18
788,48
789,20
790,33
791,38
792,25
793,25
794,41
795,6
796,24
797,11
798,1
799,1
800,29
801,43
802,22
803,1
804,38
805,18
806,13
807,44
808,1
809,4
810,36
811,25
812,41
813,5
814,37
815,22
816,26
817,18
818,50
819,7
820,38
821,25
822,30
823,18
824,13
825,34
826,17
827,11
828,38
829,12
830,22
831,10
832,30
833,20
834,5
835,28
836,43
837,48
838,25
839,1
840,39
841,17
842,33
843,20
844,18
845,9
846,60
847,39
848,5
849,41
850,24
851,19
852,44
853,10
854,56
855,1
856,1
857,38
858,47
859,30
860,26
861,32
862,1
863,14
864,7
865,15
866,54
867,29
868,35
869,1
870,31
871,34
872,7
873,24
874,52
875,1
876,18
877,16
878,17
879,3
880,39
881,27
882,38
883,3
884,3
885,43
886,31
887,1
888,42
889,25
890,8
891,54
892,2
893,42
894,30
895,27
896,11
897,9
898,35
899,5
900,15
901,32
902,41
903,38
904,42
905,19
906,42
907,54
908,7
909,60
910,21
911,1
912,1
913,13
914,51
915,31
916,39
917,27
918,45
919,31
920,1
921,25
922,1
923,29
924,24
925,41
926,8
927,19
928,3
929,16
930,18
931,17
932,33
933,13
934,54
935,43
936,17
937,38
938,37
939,4
940,7
941,54
942,8
943,22
944,23
945,20
946,17
947,11
948,3
949,20
950,25
951,20
952,50
953,36
954,37
955,25
956,39
957,38
958,22
959,27
960,41
961,32
962,26
963,1
964,5
965,8
966,5
967,24
968,30
969,1
970,53
971,21
972,31
973,84
974,35
975,33
976,24
977,16
978,31
979,20
980,15
981,46
982,27
983,8
984,37
985,59
986,57
987,3
988,18
989,42
990,4
991,6
992,6
993,39
994,5
995,1
996,24
997,23
998,40
999,44
1000,25
1001,1
1002,73
1003,4
1004,20
1005,40
1006,26
1007,41
1008,1
1009,25
1010,50
1011,1
1012,45
1013,24
1014,38
1015,21
1016,50
1017,28
1018,31
1019,41
1020,35
1021,2
1022,57
1023,57
1024,5
1025,3
1026,16
1027,23
1028,31
1029,42
1030,33
1031,32
1032,43
1033,22
1034,25
1035,20
1036,47
1037,24
1038,17
1039,46
1040,21
1041,24
1042,43
1043,27
1044,10
1045,11
1046,42
1047,11
1048,58
1049,3
1050,32
1051,7
1052,9
1053,19
1054,40
1055,50
1056,26
1057,66
1058,30
1059,49
1060,13
1061,4
1062,23
1063,31
1064,15
1065,22
1066,32
1067,34
1068,26
1069,18
1070,19
1071,1
1072,36
1073,57
1074,23
1075,12
1076,58
1077,1
1078,21
1079,23
1080,13
1081,10
1082,3
1083,27
1084,27
1085,39
1086,3
1087,34
1088,39
1089,18
1090,6
1091,34
1092,47
1093,3
1094,18
1095,18
1096,24
1097,1
1098,13
1099,7
1100,1
1101,24
1102,8
1103,3
1104,12
1105,30
1106,21
1107,61
1108,24
1109,24
1110,33
1111,1
1112,32
1113,4
1114,5
1115,22
1116,29
1117,19
1118,45
1119,19
1120,23
1121,63
1122,43
1123,52
1124,37
1125,32
1126,7
1127,12
1128,1
1129,1
1130,66
1131,19
1132,41
1133,52
1134,14
1135,18
1136,26
1137,11
1138,5
1139,45
1140,29
1141,8
1142,7
1143,29
1144,17
1145,27
1146,49
1147,1
1148,40
1149,3
1150,36
1151,24
1152,13
1153,19
1154,37
1155,1
1156,3
1157,13
1158,6
1159,6
1160,4
1161,17
1162,54
1163,18
1164,13
1165,17
1166,39
1167,18
1168,43
1169,31
1170,1
1171,67
1172,28
1173,10
1174,5
1175,13
1176,37
1177,30
1178,1
1179,26
1180,18
1181,16
1182,34
1183,30
1184,32
1185,15
1186,60
1187,5
1188,1
1189,21
1190,6
1191,31
1192,3
1193,2
1194,5
1195,50
1196,7
1197,11
1198,16
1199,22
1200,38
1201,9
1202,10
1203,37
1204,20
1205,57
1206,28
1207,18
1208,19
1209,32
1210,10
1211,46
1212,1
1213,7
1214,12
1215,11
1216,55
1217,40
1218,27
1219,28
1220,35
1221,37
1222,1
1223,1
1224,10
1225,12
1226,16
1227,27
1228,43
1229,18
1230,36
1231,28
1232,11
1233,12
1234,30
1235,18
1236,37
1237,28
1238,34
1239,29
1240,6
1241,29
1242,42
1243,37
1244,35
1245,28
1246,21
1247,47
1248,1
1249,51
1250,48
1251,27
1252,16
1253,25
1254,35
1255,21
1256,39
1257,11
1258,59
1259,41
1260,7
1261,27
1262,43
1263,19
1264,50
1265,4
1266,42
1267,61
1268,24
1269,20
1270,15
1271,22
1272,17
1273,47
1274,23
1275,5
1276,25
1277,43
1278,8
1279,15
1280,29
1281,11
1282,9
1283,24
1284,1
1285,32
1286,30
1287,24
1288,24
1289,7
1290,24
1291,14
1292,20
1293,33
1294,1
1295,31
1296,41
1297,11
1298,48
1299,43
1300,12
1301,1
1302,7
1303,5
1304,3
1305,18
1306,49
1307,30
1308,1
1309,46
1310,44
1311,7
1312,10
1313,6
1314,44
1315,10
1316,23
1317,53
1318,25
1319,11
1320,1
1321,5
1322,29
1323,9
1324,36
1325,35
1326,56
1327,6
1328,36
1329,21
1330,28
1331,1
1332,59
1333,5
1334,1
1335,34
1336,63
1337,13
1338,4
1339,2
1340,1
1341,30
1342,1
1343,21
1344,2
1345,39
1346,11
1347,61
1348,14
1349,27
1350,4
1351,28
1352,8
1353,41
1354,6
1355,14
1356,21
1357,16
1358,51
1359,57
1360,54
1361,15
1362,2
1363,1
1364,14
1365,1
1366,48
1367,31
1368,5
1369,25
1370,27
1371,42
1372,8
1373,37
1374,25
1375,7
1376,48
1377,16
1378,7
1379,35
1380,14
1381,1
1382,35
1383,34
1384,53
1385,15
1386,18
1387,20
1388,43
1389,43
1390,51
1391,20
1392,14
1393,33
1394,41
1395,35
1396,14
1397,6
1398,35
1399,13
1400,38
1401,10
1402,5
1403,53
1404,24
1405,25
1406,43
1407,27
1408,32
1409,2
1410,31
1411,12
1412,29
1413,33
1414,10
1415,17
1416,21
1417,1
1418,27
1419,23
1420,29
1421,18
1422,40
1423,67
1424,1
1425,3
1426,13
1427,13
1428,57
1429,31
1430,29
1431,22
1432,39
1433,24
1434,50
1435,21
1436,17
1437,23
1438,18
1439,21
1440,15
1441,11
1442,19
1443,39
1444,48
1445,9
1446,13
1447,36
1448,55
1449,6
1450,5
1451,4
1452,21
1453,45
1454,39
1455,2
1456,17
1457,2
1458,19
1459,40
1460,21
1461,19
1462,36
1463,46
1464,25
1465,1
1466,31
1467,63
1468,10
1469,30
1470,14
1471,38
1472,30
1473,6
1474,6
1475,35
1476,23
1477,9
1478,8
1479,37
1480,42
1481,40
1482,14
1483,24
1484,25
1485,54
1486,26
1487,35
1488,3
1489,3
1490,43
1491,11
1492,21
1493,13
1494,54
1495,24
1496,19
1497,44
1498,6
1499,39
1500,35
1501,7
1502,38
1503,38
1504,44
1505,2
1506,29
1507,21
1508,1
1509,23
1510,9
1511,7
1512,24
1513,21
1514,20
1515,3
1516,4
1517,23
1518,1
1519,18
1520,5
1521,35
1522,24
1523,37
1524,9
1525,7
1526,21
1527,29
1528,5
1529,27
1530,1
1531,46
1532,1
1533,27
1534,14
1535,25
1536,40
1537,7
1538,3
1539,3
1540,14
1541,18
1542,5
1543,36
1544,23
1545,33
1546,17
1547,35
1548,17
1549,13
1550,1
1551,3
1552,4
1553,4
1554,26
1555,24
1556,20
1557,6
1558,32
1559,50
1560,42
1561,61
1562,9
1563,39
1564,31
1565,21
1566,17
1567,40
1568,25
1569,12
1570,29
1571,5
1572,10
1573,9
1574,14
1575,41
1576,6
1577,1
1578,48
1579,1
1580,53
1581,6
1582,1
1583,7
1584,22
1585,51
1586,39
1587,12
1588,13
1589,27
1590,1
1591,19
1592,21
1593,41
1594,4
1595,35
1596,13
1597,40
1598,13
1599,1
1600,8
1601,40
1602,18
1603,23
1604,16
1605,28
1606,33
1607,11
1608,3
1609,5
1610,2
1611,18
1612,22
1613,13
1614,23
1615,16
1616,37
1617,8
1618,34
1619,20
1620,20
1621,50
1622,26
1623,32
1624,1
1625,15
1626,34
1627,48
1628,27
1629,1
1630,33
1631,64
1632,25
1633,4
1634,27
1635,14
1636,39
1637,12
1638,14
1639,39
1640,1
1641,4
1642,12
1643,63
1644,1
1645,37
1646,23
1647,70
1648,24
1649,19
1650,36
1651,1
1652,31
1653,16
1654,30
1655,55
1656,25
1657,36
1658,4
1659,27
1660,28
1661,21
1662,33
1663,26
1664,43
1665,73
1666,25
1667,7
1668,1
1669,30
1670,19
1671,34
1672,22
1673,20
1674,1
1675,34
1676,31
1677,39
1678,44
1679,11
1680,19
1681,21
1682,45
1683,24
1684,3
1685,9
1686,13
1687,15
1688,21
1689,34
1690,31
1691,29
1692,36
1693,22
1694,31
1695,21
1696,13
1697,20
1698,51
1699,40
1700,12
1701,34
1702,30
1703,26
1704,4
1705,16
1706,42
1707,19
1708,28
1709,31
1710,48
1711,11
1712,28
1713,17
1714,20
1715,18
1716,1
1717,53
1718,11
1719,48
1720,2
1721,26
1722,32
1723,34
1724,3
1725,8
1726,28
1727,23
1728,1
1729,4
1730,24
1731,22
1732,19
1733,3
1734,17
1735,16
1736,16
1737,6
1738,1
1739,9
1740,27
1741,5
1742,6
1743,7
1744,50
1745,1
1746,28
1747,37
1748,43
1749,21
1750,18
1751,12
1752,7
1753,31
1754,13
1755,44
1756,29
1757,34
1758,16
1759,60
1760,41
1761,1
1762,20
1763,3
1764,1
1765,25
1766,48
1767,47
1768,5
1769,31
1770,27
1771,15
1772,31
1773,24
1774,13
1775,12
1776,39
1777,16
1778,7
1779,5
1780,9
1781,24
1782,25
1783,5
1784,10
1785,1
1786,51
1787,11
1788,60
1789,11
1790,7
1791,15
1792,1
1793,51
1794,41
1795,14
1796,55
1797,10
1798,10
1799,1
1800,30
1801,40
1802,32
1803,17
1804,10
1805,23
1806,36
1807,19
1808,37
1809,27
1810,1
1811,1
1812,28
1813,31
1814,36
1815,4
1816,13
1817,15
1818,24
1819,26
1820,45
1821,11
1822,43
1823,25
1824,7
1825,56
1826,38
1827,3
1828,26
1829,28
1830,39
1831,13
1832,8
1833,52
1834,35
1835,1
1836,3
1837,37
1838,5
1839,7
1840,17
1841,25
1842,27
1843,1
1844,13
1845,45
1846,8
1847,6
1848,28
1849,26
1850,31
1851,18
1852,12
1853,22
1854,39
1855,1
1856,4
1857,19
1858,4
1859,39
1860,1
1861,16
1862,2
1863,20
1864,41
1865,10
1866,1
1867,9
1868,5
1869,51
1870,7
1871,4
1872,2
1873,12
1874,10
1875,41
1876,48
1877,24
1878,29
1879,1
1880,11
1881,28
1882,12
1883,1
1884,1
1885,13
1886,27
1887,1
1888,9
1889,1
1890,14
1891,25
1892,44
1893,24
1894,35
1895,27
1896,34
1897,42
1898,5
1899,1
1900,22
1901,4
1902,32
1903,1
1904,34
1905,40
1906,47
1907,3
1908,33
1909,43
1910,28
1911,53
1912,12
1913,26
1914,27
1915,24
1916,27
1917,33
1918,51
1919,1
1920,3
1921,8
1922,11
1923,2
1924,10
1925,26
1926,2
1927,36
1928,10
1929,19
1930,5
1931,45
1932,22
1933,20
1934,1
1935,24
1936,23
1937,10
1938,14
1939,3
1940,41
1941,53
1942,55
1943,58
1944,55
1945,37
1946,3
1947,28
1948,34
1949,1
1950,16
1951,32
1952,1
1953,46
1954,13
1955,13
1956,31
1957,22
1958,41
1959,14
1960,15
1961,33
1962,18
1963,18
1964,5
1965,31
1966,37
1967,43
1968,3
1969,5
1970,1
1971,27
1972,43
1973,54
1974,43
1975,30
1976,9
1977,1
1978,4
1979,31
1980,29
1981,2
1982,15
1983,41
1984,34
1985,20
1986,26
1987,49
1988,16
1989,22
1990,10
1991,6
1992,28
1993,33
1994,32
1995,14
1996,40
1997,5
1998,23
1999,27
2000,46
2001,34
2002,41
2003,49
2004,30
2005,18
2006,24
2007,16
2008,27
2009,24
2010,26
2011,18
2012,26
2013,27
2014,38
2015,22
2016,9
2017,13
2018,8
2019,7
2020,5
2021,3
2022,19
2023,1
2024,32
2025,23
2026,54
2027,1
2028,29
2029,55
2030,9
2031,4
2032,60
2033,38
2034,18
2035,7
2036,71
2037,45
2038,17
2039,31
2040,36
2041,17
2042,24
2043,7
2044,29
2045,5
2046,37
2047,29
2048,29
2049,42
2050,1
2051,13
2052,37
2053,19
2054,2
2055,21
2056,2
2057,9
2058,48
2059,1
2060,2
2061,1
2062,63
2063,35
2064,37
2065,40
2066,31
2067,23
2068,43
2069,19
2070,1
2071,12
2072,3
2073,16
2074,22
2075,13
2076,4
2077,39
2078,18
2079,47
2080,6
2081,46
2082,14
2083,13
2084,27
2085,15
2086,16
2087,22
2088,45
2089,26
2090,26
2091,32
2092,5
2093,40
2094,9
2095,53
2096,19
2097,5
2098,10
2099,10
2100,34
2101,4
2102,46
2103,41
2104,70
2105,1
2106,66
2107,4
2108,18
2109,29
2110,44
2111,28
2112,5
2113,35
2114,27
2115,3
2116,34
2117,7
2118,25
2119,36
2120,37
2121,11
2122,18
2123,13
2124,26
2125,29
2126,26
2127,43
2128,28
2129,19
2130,18
2131,33
2132,55
2133,48
2134,23
2135,26
2136,46
2137,14
2138,14
2139,21
2140,43
2141,27
2142,48
2143,34
2144,64
2145,26
2146,22
2147,43
2148,9
2149,43
2150,31
2151,1
2152,3
2153,20
2154,28
2155,22
2156,40
2157,3
2158,40
2159,14
2160,35
2161,3
2162,24
2163,13
2164,32
2165,41
2166,1
2167,22
2168,8
2169,46
2170,55
2171,33
2172,35
2173,4
2174,28
2175,12
2176,72
2177,37
2178,17
2179,16
2180,26
2181,47
2182,4
2183,48
2184,51
2185,2
2186,19
2187,34
2188,24
2189,39
2190,60
2191,69
2192,44
2193,54
2194,25
2195,26
2196,8
2197,32
2198,17
2199,17
2200,10
2201,1
2202,24
2203,19
2204,1
2205,30
2206,11
2207,6
2208,16
2209,14
2210,6
2211,37
2212,23
2213,15
2214,14
2215,35
2216,33
2217,8
2218,41
2219,27
2220,5
2221,10
2222,1
2223,1
2224,60
2225,31
2226,1
2227,49
2228,34
2229,18
2230,17
2231,50
2232,17
2233,1
2234,35
2235,17
2236,41
2237,17
2238,73
2239,41
2240,25
2241,8
2242,23
2243,8
2244,2
2245,1
2246,12
2247,19
2248,30
2249,1
2250,32
2251,32
2252,8
2253,16
2254,22
2255,41
2256,34
2257,33
2258,22
2259,17
2260,49
2261,40
2262,59
2263,7
2264,29
2265,21
2266,25
2267,12
2268,52
2269,18
2270,25
2271,31
2272,39
2273,60
2274,22
2275,33
2276,5
2277,36
2278,37
2279,16
2280,55
2281,29
2282,9
2283,44
2284,4
2285,11
2286,15
2287,32
2288,22
2289,38
2290,40
2291,2
2292,35
2293,1
2294,1
2295,30
2296,30
2297,48
2298,15
2299,19
2300,22
2301,37
2302,28
2303,62
2304,49
2305,35
2306,3
2307,66
2308,12
2309,4
2310,4
2311,52
2312,60
2313,4
2314,62
2315,20
2316,39
2317,1
2318,31
2319,18
2320,22
2321,18
2322,58
2323,4
2324,9
2325,41
2326,44
2327,16
2328,6
2329,6
2330,1
2331,35
2332,57
2333,26
2334,24
2335,28
2336,1
2337,33
2338,51
2339,34
2340,14
2341,10
2342,1
2343,30
2344,27
2345,30
2346,26
2347,1
2348,53
2349,5
2350,4
2351,16
2352,45
2353,28
2354,41
2355,17
2356,54
2357,6
2358,68
2359,5
2360,14
2361,22
2362,15
2363,6
2364,27
2365,59
2366,46
2367,7
2368,42
2369,54
2370,38
2371,32
2372,50
2373,46
2374,1
2375,23
2376,25
2377,20
2378,16
2379,24
2380,18
2381,2
2382,47
2383,24
2384,5
2385,38
2386,38
2387,5
2388,34
2389,31
2390,15
2391,49
2392,24
2393,21
2394,12
2395,18
2396,14
2397,21
2398,17
2399,12
2400,37
2401,35
2402,46
2403,38
2404,45
2405,18
2406,29
2407,8
2408,26
2409,32
2410,56
2411,37
2412,32
2413,1
2414,21
2415,7
2416,2
2417,58
2418,2
2419,29
2420,23
2421,20
2422,33
2423,59
2424,9
2425,27
2426,11
2427,17
2428,3
2429,7
2430,16
2431,3
2432,8
2433,28
2434,26
2435,7
2436,8
2437,31
2438,47
2439,21
2440,45
2441,30
2442,13
2443,35
2444,20
2445,11
2446,17
2447,28
2448,22
2449,39
2450,30
2451,45
2452,20
2453,17
2454,34
2455,3
2456,49
2457,15
2458,33
2459,7
2460,21
2461,18
2462,21
2463,41
2464,73
2465,47
2466,26
2467,28
2468,15
2469,20
2470,20
2471,5
2472,8
2473,21
2474,16
2475,29
2476,10
2477,7
2478,25
2479,1
2480,26
2481,30
2482,20
2483,27
2484,1
2485,13
2486,29
2487,34
2488,26
2489,1
2490,40
2491,13
2492,20
2493,17
2494,28
2495,41
2496,33
2497,40
2498,63
2499,17
2500,29
2501,50
2502,16
2503,15
2504,13
2505,56
2506,31
2507,9
2508,43
2509,4
2510,43
2511,46
2512,2
2513,1
2514,4
2515,43
2516,16
2517,5
2518,54
2519,23
2520,42
2521,18
2522,31
2523,63
2524,16
2525,34
2526,36
2527,27
2528,5
2529,13
2530,1
2531,14
2532,12
2533,1
2534,1
2535,59
2536,17
2537,34
2538,30
2539,18
2540,25
2541,35
2542,39
2543,52
2544,5
2545,1
2546,1
2547,18
2548,41
2549,5
2550,15
2551,1
2552,27
2553,8
2554,1
2555,1
2556,5
2557,10
2558,53
2559,12
2560,17
2561,7
2562,41
2563,29
2564,22
2565,15
2566,1
2567,29
2568,47
2569,37
2570,20
2571,11
2572,28
2573,40
2574,12
2575,5
2576,25
2577,47
2578,11
2579,5
2580,40
2581,7
2582,35
2583,35
2584,7
2585,18
2586,38
2587,16
2588,24
2589,52
2590,27
2591,11
2592,29
2593,62
2594,58
2595,8
2596,1
2597,19
2598,9
2599,13
2600,9
2601,34
2602,7
2603,7
2604,8
2605,22
2606,12
2607,16
2608,9
2609,39
2610,22
2611,50
2612,29
2613,47
2614,39
2615,52
2616,5
2617,54
2618,7
2619,31
2620,27
2621,17
2622,35
2623,26
2624,12
2625,22
2626,54
2627,15
2628,13
2629,1
2630,20
2631,30
2632,38
2633,1
2634,22
2635,3
2636,54
2637,21
2638,56
2639,8
2640,29
2641,14
2642,4
2643,24
2644,29
2645,20
2646,8
2647,12
2648,2
2649,39
2650,9
2651,23
2652,12
2653,44
2654,1
2655,25
2656,4
2657,13
2658,29
2659,40
2660,44
2661,27
2662,42
2663,44
2664,33
2665,22
2666,28
2667,4
2668,13
2669,1
2670,50
2671,27
2672,28
2673,1
2674,9
2675,35
2676,44
2677,58
2678,6
2679,20
2680,42
2681,4
2682,36
2683,21
2684,34
2685,36
2686,20
2687,36
2688,26
2689,37
2690,38
2691,48
2692,47
2693,5
2694,27
2695,28
2696,7
2697,25
2698,20
2699,7
2700,3
2701,27
2702,27
2703,8
2704,12
2705,12
2706,20
2707,18
2708,5
2709,6
2710,28
2711,44
2712,40
2713,1
2714,34
2715,30
2716,39
2717,28
2718,24
2719,44
2720,27
2721,52
2722,13
2723,24
2724,5
2725,51
2726,1
2727,20
2728,28
2729,7
2730,6
2731,26
2732,2
2733,8
2734,24
2735,15
2736,30
2737,9
2738,49
2739,18
2740,1
2741,5
2742,1
2743,46
2744,36
2745,19
2746,12
2747,20
2748,21
2749,31
2750,13
2751,6
2752,21
2753,22
2754,1
2755,24
2756,10
2757,12
2758,7
2759,9
2760,4
2761,19
2762,1
2763,26
2764,1
2765,33
2766,37
2767,18
2768,50
2769,21
2770,4
2771,4
2772,20
2773,8
2774,5
2775,25
2776,45
2777,39
2778,47
2779,58
2780,4
2781,12
2782,20
2783,34
2784,40
2785,21
2786,33
2787,31
2788,28
2789,24
2790,33
2791,6
2792,24
2793,23
2794,20
2795,36
2796,28
2797,2
2798,18
2799,34
2800,33
2801,9
2802,42
2803,14
2804,25
2805,25
2806,36
2807,43
2808,17
2809,35
2810,9
2811,38
2812,6
2813,26
2814,54
2815,10
2816,5
2817,10
2818,9
2819,56
2820,32
2821,47
2822,7
2823,19
2824,14
2825,1
2826,29
2827,9
2828,48
2829,5
2830,46
2831,10
2832,15
2833,9
2834,41
2835,20
2836,14
2837,26
2838,47
2839,35
2840,47
2841,11
2842,39
2843,26
2844,16
2845,19
2846,26
2847,23
2848,52
2849,2
2850,21
2851,32
2852,32
2853,41
2854,34
2855,5
2856,10
2857,40
2858,36
2859,25
2860,6
2861,37
2862,19
2863,8
2864,3
2865,31
2866,23
2867,45
2868,13
2869,28
2870,16
2871,49
2872,33
2873,15
2874,11
2875,28
2876,27
2877,56
2878,36
2879,42
2880,14
2881,32
2882,4
2883,12
2884,8
2885,39
2886,29
2887,46
2888,44
2889,1
2890,3
2891,36
2892,16
2893,52
2894,25
2895,11
2896,6
2897,6
2898,9
2899,13
2900,51
2901,5
2902,15
2903,32
2904,23
2905,32
2906,40
2907,28
2908,53
2909,14
2910,4
2911,5
2912,9
2913,13
2914,4
2915,15
2916,15
2917,5
2918,2
2919,5
2920,4
2921,20
2922,1
2923,32
2924,11
2925,39
2926,28
2927,1
2928,14
2929,19
2930,33
2931,19
2932,15
2933,23
2934,9
2935,26
2936,9
2937,33
2938,16
2939,31
2940,39
2941,3
2942,11
2943,1
2944,18
2945,30
2946,30
2947,12
2948,40
2949,1
2950,7
2951,3
2952,31
2953,20
2954,19
2955,29
2956,16
2957,7
2958,27
2959,37
2960,20
2961,37
2962,31
2963,38
2964,30
2965,24
2966,4
2967,53
2968,28
2969,17
2970,1
2971,31
2972,30
2973,44
2974,62
2975,2
2976,6
2977,57
2978,57
2979,19
2980,25
2981,4
2982,36
2983,1
2984,31
2985,58
2986,2
2987,64
2988,20
2989,6
2990,39
2991,15
2992,13
2993,9
2994,31
2995,50
2996,39
2997,14
2998,5
2999,35
3000,1
3001,14
3002,1
3003,54
3004,54
3005,4
3006,38
3007,47
3008,44
3009,35
3010,31
3011,46
3012,21
3013,26
3014,15
3015,56
3016,8
3017,27
3018,18
3019,7
3020,18
3021,1
3022,28
3023,1
3024,4
3025,27
3026,16
3027,6
3028,26
3029,24
3030,30
3031,49
3032,25
3033,31
3034,32
3035,15
3036,32
3037,42
3038,33
3039,48
3040,39
3041,1
3042,19
3043,5
3044,10
3045,27
3046,17
3047,34
3048,50
3049,17
3050,14
3051,21
3052,42
3053,17
3054,60
3055,35
3056,16
3057,20
3058,17
3059,26
3060,12
3061,7
3062,15
3063,12
3064,30
3065,4
3066,29
3067,46
3068,43
3069,23
3070,43
3071,21
3072,12
3073,46
3074,29
3075,32
3076,23
3077,59
3078,11
3079,13
3080,9
3081,10
3082,52
3083,65
3084,61
3085,37
3086,7
3087,45
3088,32
3089,2
3090,5
3091,22
3092,9
3093,37
3094,26
3095,43
3096,43
3097,14
3098,31
3099,36
3100,60
3101,17
3102,51
3103,30
3104,28
3105,47
3106,16
3107,31
3108,25
3109,34
3110,6
3111,25
3112,11
3113,17
3114,5
3115,64
3116,25
3117,14
3118,5
3119,45
3120,1
3121,27
3122,46
3123,6
3124,12
3125,54
3126,12
3127,37
3128,34
3129,27
3130,5
3131,1
3132,36
3133,29
3134,17
3135,6
3136,67
3137,11
3138,30
3139,1
3140,25
3141,30
3142,12
3143,54
3144,17
3145,22
3146,33
3147,28
3148,6
3149,35
3150,16
3151,2
3152,28
3153,17
3154,8
3155,30
3156,10
3157,20
3158,4
3159,38
3160,39
3161,14
3162,30
3163,16
3164,24
3165,5
3166,7
3167,29
3168,9
3169,47
3170,26
3171,26
3172,37
3173,1
3174,1
3175,3
3176,8
3177,11
3178,28
3179,14
3180,46
3181,49
3182,22
3183,50
3184,55
3185,1
3186,23
3187,38
3188,5
3189,38
3190,43
3191,28
3192,7
3193,29
3194,37
3195,7
3196,16
3197,36
3198,11
3199,15
3200,39
3201,1
3202,39
3203,18
3204,2
3205,21
3206,1
3207,37
3208,1
3209,45
3210,1
3211,22
3212,29
3213,13
3214,30
3215,25
3216,19
3217,22
3218,13
3219,28
3220,38
3221,4
3222,30
3223,21
3224,29
3225,1
3226,43
3227,8
3228,29
3229,26
3230,24
3231,43
3232,34
3233,57
3234,27
3235,39
3236,26
3237,6
3238,5
3239,29
3240,18
3241,7
3242,41
3243,13
3244,52
3245,13
3246,31
3247,42
3248,14
3249,26
3250,1
3251,21
3252,37
3253,20
3254,9
3255,6
3256,34
3257,14
3258,16
3259,7
3260,12
3261,1
3262,14
3263,45
3264,46
3265,3
3266,40
3267,22
3268,21
3269,15
3270,39
3271,22
3272,11
3273,1
3274,13
3275,50
3276,48
3277,19
3278,31
3279,17
3280,10
3281,4
3282,1
3283,17
3284,12
3285,34
3286,8
3287,38
3288,1
3289,4
3290,13
3291,17
3292,53
3293,30
3294,48
3295,11
3296,11
3297,31
3298,54
3299,4
3300,13
3301,30
3302,15
3303,34
3304,1
3305,3
3306,37
3307,38
3308,44
3309,1
3310,1
3311,27
3312,3
3313,50
3314,31
3315,26
3316,10
3317,43
3318,17
3319,57
3320,20
3321,40
3322,8
3323,39
3324,33
3325,66
3326,28
3327,24
3328,37
3329,20
3330,31
3331,50
3332,21
3333,4
3334,47
3335,6
3336,13
3337,24
3338,17
3339,49
3340,31
3341,29
3342,4
3343,22
3344,53
3345,33
3346,33
3347,16
3348,1
3349,38
3350,36
3351,1
3352,23
3353,47
3354,29
3355,16
3356,21
3357,26
3358,19
3359,36
3360,47
3361,24
3362,1
3363,2
3364,1
3365,18
3366,4
3367,59
3368,14
3369,28
3370,40
3371,8
3372,7
3373,30
3374,28
3375,38
3376,9
3377,3
3378,28
3379,1
3380,65
3381,36
3382,9
3383,50
3384,34
3385,15
3386,43
3387,14
3388,73
3389,21
3390,26
3391,28
3392,1
3393,17
3394,1
3395,21
3396,12
3397,4
3398,16
3399,32
3400,28
3401,7
3402,11
3403,55
3404,40
3405,7
3406,1
3407,9
3408,22
3409,45
3410,33
3411,21
3412,31
3413,10
3414,65
3415,31
3416,18
3417,16
3418,34
3419,6
3420,22
3421,10
3422,13
3423,26
3424,13
3425,2
3426,5
3427,28
3428,17
3429,10
3430,20
3431,60
3432,22
3433,31
3434,56
3435,59
3436,28
3437,8
3438,14
3439,48
3440,44
3441,29
3442,1
3443,8
3444,11
3445,9
3446,64
3447,1
3448,12
3449,37
3450,9
3451,35
3452,42
3453,24
3454,38
3455,34
3456,28
3457,9
3458,43
3459,45
3460,5
3461,28
3462,16
3463,4
3464,55
3465,27
3466,13
3467,34
3468,36
3469,9
3470,31
3471,1
3472,26
3473,1
3474,20
3475,13
3476,15
3477,32
3478,6
3479,5
3480,26
3481,14
3482,38
3483,52
3484,28
3485,19
3486,40
3487,1
3488,45
3489,66
3490,36
3491,1
3492,1
3493,33
3494,30
3495,14
3496,13
3497,44
3498,30
3499,28
3500,6
3501,5
3502,37
3503,26
3504,1
3505,11
3506,46
3507,27
3508,8
3509,24
3510,38
3511,20
3512,53
3513,5
3514,1
3515,3
3516,32
3517,7
3518,7
3519,11
3520,22
3521,6
3522,28
3523,8
3524,53
3525,45
3526,37
3527,36
3528,57
3529,1
3530,26
3531,41
3532,3
3533,5
3534,51
3535,19
3536,30
3537,20
3538,51
3539,25
3540,45
3541,35
3542,3
3543,26
3544,21
3545,3
3546,10
3547,6
3548,7
3549,3
3550,13
3551,45
3552,7
3553,8
3554,3
3555,24
3556,30
3557,1
3558,23
3559,52
3560,55
3561,29
3562,1
3563,50
3564,8
3565,55
3566,18
3567,1
3568,29
3569,12
3570,43
3571,33
3572,1
3573,22
3574,3
3575,1
3576,53
3577,43
3578,1
3579,8
3580,36
3581,38
3582,40
3583,11
3584,1
3585,39
3586,1
3587,43
3588,3
3589,25
3590,23
3591,21
3592,39
3593,5
3594,9
3595,1
3596,20
3597,9
3598,1
3599,45
3600,20
3601,4
3602,3
3603,14
3604,47
3605,3
3606,6
3607,12
3608,24
3609,27
3610,24
3611,54
3612,3
3613,43
3614,22
3615,3
3616,41
3617,8
3618,11
3619,18
3620,22
3621,1
3622,1
3623,33
3624,32
3625,1
3626,8
3627,32
3628,30
3629,42
3630,46
3631,9
3632,34
3633,15
3634,1
3635,21
3636,37
3637,31
3638,6
3639,30
3640,21
3641,4
3642,66
3643,16
3644,4
3645,67
3646,51
3647,23
3648,28
3649,31
3650,1
3651,39
3652,40
3653,35
3654,4
3655,34
3656,6
3657,4
3658,46
3659,2
3660,23
3661,49
3662,27
3663,45
3664,50
3665,5
3666,26
3667,1
3668,13
3669,33
3670,49
3671,15
3672,28
3673,29
3674,26
3675,1
3676,12
3677,1
3678,12
3679,3
3680,27
3681,25
3682,7
3683,30
3684,8
3685,33
3686,13
3687,15
3688,8
3689,9
3690,13
3691,13
3692,39
3693,43
3694,22
3695,12
3696,16
3697,6
3698,23
3699,57
3700,38
3701,5
3702,41
3703,1
3704,24
3705,24
3706,25
3707,20
3708,13
3709,23
3710,37
3711,18
3712,9
3713,17
3714,1
3715,24
3716,9
3717,5
3718,42
3719,56
3720,19
3721,14
3722,43
3723,4
3724,16
3725,14
3726,52
3727,5
3728,22
3729,1
3730,3
3731,60
3732,19
3733,60
3734,41
3735,51
3736,17
3737,32
3738,15
3739,28
3740,1
3741,25
3742,1
3743,27
3744,17
3745,25
3746,40
3747,3
3748,50
3749,10
3750,23
3751,9
3752,32
3753,44
3754,32
3755,15
3756,16
3757,3
3758,37
3759,5
3760,37
3761,47
3762,31
3763,7
3764,18
3765,3
3766,14
3767,28
3768,17
3769,35
3770,62
3771,15
3772,36
3773,7
3774,7
3775,38
3776,70
3777,4
3778,25
3779,26
3780,39
3781,1
3782,10
3783,6
3784,28
3785,25
3786,25
3787,45
3788,48
3789,24
3790,28
3791,13
3792,38
3793,18
3794,28
3795,42
3796,6
3797,1
3798,44
3799,23
3800,6
3801,21
3802,54
3803,51
3804,58
3805,1
3806,4
3807,28
3808,48
3809,44
3810,43
3811,16
3812,43
3813,7
3814,43
3815,39
3816,30
3817,56
3818,10
3819,35
3820,4
3821,17
3822,13
3823,16
3824,30
3825,20
3826,12
3827,24
3828,17
3829,16
3830,2
3831,15
3832,8
3833,25
3834,25
3835,1
3836,39
3837,42
3838,1
3839,54
3840,19
3841,23
3842,17
3843,9
3844,45
3845,11
3846,56
3847,64
3848,16
3849,45
3850,22
3851,25
3852,20
3853,28
3854,35
3855,29
3856,2
3857,56
3858,11
3859,41
3860,5
3861,5
3862,1
3863,53
3864,43
3865,39
3866,28
3867,73
3868,36
3869,4
3870,19
3871,42
3872,37
3873,11
3874,40
3875,41
3876,1
3877,8
3878,2
3879,25
3880,34
3881,41
3882,48
3883,27
3884,21
3885,15
3886,13
3887,24
3888,26
3889,1
3890,24
3891,35
3892,26
3893,36
3894,46
3895,1
3896,23
3897,19
3898,49
3899,38
3900,41
3901,26
3902,59
3903,27
3904,2
3905,11
3906,27
3907,14
3908,20
3909,23
3910,27
3911,26
3912,39
3913,14
3914,28
3915,1
3916,26
3917,7
3918,21
3919,38
3920,21
3921,41
3922,34
3923,28
3924,31
3925,13
3926,6
3927,1
3928,45
3929,6
3930,40
3931,16
3932,50
3933,23
3934,34
3935,1
3936,1
3937,49
3938,63
3939,25
3940,14
3941,13
3942,5
3943,1
3944,47
3945,22
3946,24
3947,3
3948,49
3949,25
3950,8
3951,17
3952,4
3953,26
3954,57
3955,26
3956,37
3957,54
3958,34
3959,3
3960,11
3961,14
3962,22
3963,3
3964,5
3965,18
3966,11
3967,2
3968,1
3969,48
3970,33
3971,34
3972,5
3973,4
3974,14
3975,31
3976,5
3977,48
3978,50
3979,37
3980,14
3981,26
3982,10
3983,35
3984,28
3985,36
3986,43
3987,53
3988,35
3989,10
3990,43
3991,18
3992,52
3993,1
3994,17
3995,67
3996,31
3997,59
3998,24
3999,35
4000,46
4001,12
4002,31
4003,1
4004,1
4005,5
4006,7
4007,33
4008,13
4009,41
4010,39
4011,20
4012,52
4013,39
4014,22
4015,17
4016,23
4017,3
4018,14
4019,6
4020,8
4021,37
4022,30
4023,25
4024,7
4025,18
4026,54
4027,35
4028,39
4029,15
4030,37
4031,10
4032,3
4033,2
4034,27
4035,6
4036,55
4037,44
4038,55
4039,18
4040,11
4041,25
4042,9
4043,44
4044,22
4045,14
4046,18
4047,26
4048,10
4049,41
4050,18
4051,4
4052,29
4053,8
4054,16
4055,21
4056,53
4057,23
4058,16
4059,33
4060,5
4061,10
4062,1
4063,14
4064,33
4065,27
4066,46
4067,9
4068,27
4069,11
4070,11
4071,46
4072,19
4073,46
4074,15
4075,42
4076,26
4077,30
4078,43
4079,13
4080,3
4081,48
4082,31
4083,10
4084,36
4085,5
4086,18
4087,21
4088,1
4089,10
4090,9
4091,17
4092,49
4093,13
4094,5
4095,30
4096,31
4097,3
4098,8
4099,37
4100,17
4101,17
4102,1
4103,14
4104,55
4105,58
4106,37
4107,28
4108,8
4109,37
4110,20
4111,1
4112,17
4113,42
4114,33
4115,13
4116,37
4117,1
4118,60
4119,43
4120,49
4121,30
4122,20
4123,13
4124,13
4125,42
4126,42
4127,5
4128,12
4129,21
4130,8
4131,11
4132,44
4133,28
4134,34
4135,75
4136,50
4137,71
4138,27
4139,3
4140,18
4141,43
4142,18
4143,49
4144,18
4145,1
4146,12
4147,1
4148,25
4149,22
4150,79
4151,31
4152,29
4153,22
4154,21
4155,51
4156,17
4157,51
4158,66
4159,4
4160,35
4161,21
4162,26
4163,19
4164,44
4165,1
4166,9
4167,1
4168,6
4169,37
4170,16
4171,29
4172,7
4173,38
4174,52
4175,28
4176,20
4177,28
4178,40
4179,22
4180,21
4181,2
4182,23
4183,8
4184,23
4185,33
4186,5
4187,3
4188,11
4189,20
4190,32
4191,48
4192,43
4193,13
4194,4
4195,40
4196,55
4197,10
4198,37
4199,3
4200,40
4201,28
4202,1
4203,33
4204,29
4205,18
4206,22
4207,37
4208,52
4209,1
4210,16
4211,20
4212,36
4213,65
4214,14
4215,22
4216,13
4217,35
4218,38
4219,18
4220,13
4221,17
4222,28
4223,4
4224,1
4225,32
4226,6
4227,32
4228,26
4229,25
4230,35
4231,23
4232,19
4233,53
4234,13
4235,46
4236,8
4237,4
4238,26
4239,28
4240,59
4241,63
4242,33
4243,38
4244,26
4245,51
4246,19
4247,1
4248,41
4249,23
4250,32
4251,10
4252,22
4253,1
4254,3
4255,35
4256,10
4257,50
4258,17
4259,36
4260,7
4261,1
4262,42
4263,1
4264,13
4265,20
4266,14
4267,6
4268,39
4269,1
4270,26
4271,36
4272,52
4273,8
4274,1
4275,30
4276,2
4277,30
4278,10
4279,13
4280,28
4281,33
4282,10
4283,42
4284,39
4285,6
4286,42
4287,23
4288,31
4289,17
4290,59
4291,29
4292,5
4293,11
4294,35
4295,36
4296,20
4297,46
4298,50
4299,31
4300,20
4301,29
4302,45
4303,15
4304,4
4305,12
4306,53
4307,43
4308,34
4309,5
4310,8
4311,51
4312,7
4313,14
4314,17
4315,34
4316,8
4317,13
4318,23
4319,11
4320,16
4321,9
4322,10
4323,17
4324,12
4325,18
4326,50
4327,35
4328,35
4329,48
4330,1
4331,57
4332,42
4333,25
4334,4
4335,3
4336,6
4337,1
4338,16
4339,41
4340,45
4341,1
4342,31
4343,31
4344,16
4345,6
4346,3
4347,1
4348,36
4349,24
4350,27
4351,2
4352,9
4353,39
4354,3
4355,30
4356,42
4357,46
4358,25
4359,30
4360,33
4361,2
4362,35
4363,22
4364,31
4365,1
4366,14
4367,8
4368,34
4369,58
4370,37
4371,30
4372,14
4373,10
4374,16
4375,22
4376,1
4377,31
4378,1
4379,16
4380,1
4381,1
4382,24
4383,1
4384,21
4385,30
4386,17
4387,1
4388,4
4389,29
4390,27
4391,20
4392,2
4393,42
4394,14
4395,10
4396,20
4397,66
4398,21
4399,58
4400,63
4401,3
4402,16
4403,39
4404,6
4405,11
4406,27
4407,21
4408,1
4409,36
4410,55
4411,45
4412,43
4413,28
4414,1
4415,7
4416,33
4417,9
4418,18
4419,22
4420,13
4421,13
4422,16
4423,57
4424,23
4425,4
4426,9
4427,32
4428,53
4429,31
4430,23
4431,18
4432,7
4433,35
4434,25
4435,15
4436,51
4437,1
4438,1
4439,36
4440,18
4441,1
4442,48
4443,44
4444,27
4445,28
4446,1
4447,18
4448,15
4449,10
4450,57
4451,47
4452,1
4453,43
4454,42
4455,27
4456,5
4457,42
4458,10
4459,60
4460,31
4461,40
4462,17
4463,26
4464,23
4465,5
4466,23
4467,39
4468,6
4469,14
4470,35
4471,56
4472,36
4473,33
4474,15
4475,22
4476,28
4477,15
4478,41
4479,33
4480,13
4481,47
4482,18
4483,20
4484,26
4485,21
4486,14
4487,26
4488,52
4489,30
4490,26
4491,6
4492,9
4493,35
4494,30
4495,45
4496,41
4497,13
4498,43
4499,1
4500,29
4501,26
4502,12
4503,23
4504,20
4505,42
4506,42
4507,7
4508,22
4509,23
4510,6
4511,12
4512,13
4513,33
4514,2
4515,25
4516,22
4517,55
4518,22
4519,1
4520,13
4521,8
4522,32
4523,10
4524,64
4525,20
4526,42
4527,50
4528,46
4529,10
4530,22
4531,27
4532,36
4533,5
4534,23
4535,35
4536,34
4537,34
4538,20
4539,22
4540,50
4541,16
4542,37
4543,21
4544,31
4545,57
4546,18
4547,1
4548,11
4549,12
4550,14
4551,19
4552,42
4553,12
4554,14
4555,30
4556,35
4557,34
4558,46
4559,52
4560,7
4561,19
4562,33
4563,7
4564,19
4565,11
4566,18
4567,22
4568,58
4569,39
4570,37
4571,26
4572,38
4573,20
4574,8
4575,41
4576,26
4577,12
4578,25
4579,13
4580,20
4581,16
4582,8
4583,44
4584,39
4585,5
4586,17
4587,23
4588,19
4589,13
4590,46
4591,26
4592,25
4593,14
4594,27
4595,2
4596,54
4597,17
4598,64
4599,53
4600,17
4601,10
4602,1
4603,34
4604,14
4605,35
4606,47
4607,48
4608,14
4609,50
4610,64
4611,33
4612,5
4613,7
4614,55
4615,1
4616,16
4617,17
4618,28
4619,43
4620,45
4621,47
4622,21
4623,61
4624,14
4625,34
4626,11
4627,19
4628,26
4629,16
4630,38
4631,30
4632,38
4633,23
4634,42
4635,31
4636,10
4637,1
4638,23
4639,17
4640,10
4641,48
4642,13
4643,17
4644,39
4645,49
4646,37
4647,28
4648,3
4649,48
4650,30
4651,32
4652,51
4653,2
4654,34
4655,11
4656,9
4657,20
4658,3
4659,9
4660,1
4661,29
4662,13
4663,48
4664,4
4665,22
4666,57
4667,28
4668,54
4669,6
4670,1
4671,1
4672,17
4673,29
4674,14
4675,17
4676,33
4677,43
4678,9
4679,38
4680,26
4681,47
4682,34
4683,32
4684,2
4685,38
4686,54
4687,34
4688,18
4689,18
4690,9
4691,15
4692,3
4693,52
4694,6
4695,18
4696,33
4697,15
4698,26
4699,3
4700,4
4701,38
4702,4
4703,35
4704,1
4705,34
4706,8
4707,24
4708,54
4709,9
4710,6
4711,27
4712,3
4713,22
4714,29
4715,1
4716,2
4717,7
4718,43
4719,42
4720,28
4721,51
4722,58
4723,33
4724,39
4725,27
4726,11
4727,37
4728,23
4729,39
4730,7
4731,26
4732,25
4733,49
4734,16
4735,36
4736,13
4737,39
4738,37
4739,13
4740,38
4741,11
4742,1
4743,9
4744,38
4745,38
4746,13
4747,47
4748,35
4749,29
4750,1
4751,31
4752,27
4753,17
4754,4
4755,27
4756,20
4757,5
4758,53
4759,42
4760,14
4761,26
4762,22
4763,42
4764,19
4765,12
4766,41
4767,1
4768,41
4769,39
4770,20
4771,22
4772,1
4773,62
4774,43
4775,36
4776,1
4777,57
4778,1
4779,15
4780,13
4781,37
4782,20
4783,16
4784,41
4785,9
4786,41
4787,27
4788,27
4789,24
4790,25
4791,7
4792,4
4793,14
4794,30
4795,26
4796,12
4797,22
4798,11
4799,49
4800,43
4801,23
4802,32
4803,19
4804,19
4805,39
4806,33
4807,12
4808,3
4809,31
4810,18
4811,12
4812,1
4813,12
4814,5
4815,51
4816,4
4817,16
4818,20
4819,33
4820,7
4821,1
4822,48
4823,42
4824,25
4825,40
4826,24
4827,6
4828,42
4829,18
4830,43
4831,42
4832,22
4833,40
4834,38
4835,50
4836,40
4837,46
4838,2
4839,15
4840,30
4841,40
4842,31
4843,15
4844,39
4845,41
4846,39
4847,23
4848,3
4849,21
4850,32
4851,22
4852,20
4853,18
4854,1
4855,46
4856,47
4857,24
4858,22
4859,31
4860,31
4861,32
4862,9
4863,1
4864,40
4865,30
4866,17
4867,20
4868,3
4869,18
4870,5
4871,21
4872,31
4873,56
4874,45
4875,9
4876,1
4877,47
4878,44
4879,33
4880,29
4881,7
4882,1
4883,4
4884,18
4885,45
4886,27
4887,26
4888,36
4889,15
4890,26
4891,2
4892,17
4893,14
4894,17
4895,11
4896,9
4897,6
4898,34
4899,33
4900,49
4901,20
4902,37
4903,19
4904,14
4905,28
4906,7
4907,26
4908,34
4909,21
4910,24
4911,20
4912,4
4913,11
4914,5
4915,24
4916,34
4917,28
4918,34
4919,9
4920,8
4921,39
4922,1
4923,20
4924,6
4925,61
4926,9
4927,44
4928,27
4929,53
4930,1
4931,1
4932,3
4933,4
4934,30
4935,4
4936,25
4937,36
4938,13
4939,30
4940,51
4941,1
4942,1
4943,30
4944,7
4945,5
4946,37
4947,1
4948,33
4949,9
4950,19
4951,9
4952,5
4953,10
4954,5
4955,1
4956,40
4957,3
4958,47
4959,25
4960,42
4961,32
4962,29
4963,4
4964,51
4965,1
4966,28
4967,41
4968,30
4969,1
4970,18
4971,33
4972,50
4973,23
4974,50
4975,25
4976,29
4977,30
4978,37
4979,32
4980,1
4981,39
4982,23
4983,16
4984,52
4985,17
4986,11
4987,1
4988,9
4989,16
4990,30
4991,37
4992,16
4993,36
4994,28
4995,38
4996,29
4997,39
4998,39
4999,6
5000,27
